<ListObject name="LoOverdueCustomersContextMenu" generateLoadMethod="true" schemaVersion="1.1">
  <DataSource name="DsLoOverdueCustomersContextMenu" />
  <Item objectClass="LiOverdueCustomersContextMenu" />
  <Methods>
    <Method name="beforeSaveAsync" />
    <Method name="afterSaveAsync" />
    <Method name="afterLoadAsync" />
    <Method name="beforeLoadAsync" />
    <Method name="afterDoValidateAsync" />
    <Method name="beforeDoValidateAsync" />
    <Method name="loadAsync" />
    <Method name="saveAsync" />
  </Methods>
</ListObject>