<UIDescription name="Reporting::CardReportingSalesMaximizedUI" schemaVersion="0.0.0.5"  layoutType="blank" simpleEditorOnly="true">
  <Page pagePattern="SingleSectionPage" onBackDiscard="true" useSolidBackground="true">
    <PageHeader>
      <Bindings>
        <Resource target="title" type="Label" id="CardReportingSalesMaximizedTitleId" defaultLabel="Reporting - All customers" />
      </Bindings>
    </PageHeader>
    <Section sectionName="masterSection" sectionPattern="SingleAreaSection">
      <Area areaName="mainArea" areaPattern="SingleElementArea">
        <UIPluginV2 name="CardReportingUiPlugin" uiPlugin="CardReportingUiPluginV2">
          <Bindings>
            <Binding target="maximizedMode" type="Text" binding="ProcessContext::CardReporting_ModeMaximized" bindingMode="ONE_WAY" />
            <Binding target="mode" type="Text" binding="ProcessContext::Mode" bindingMode="ONE_WAY" />
            <Binding target="unsuccessfulVisitRate" type="Text" binding="ProcessContext::CardReportingUnsuccessfulVisits_Rate" bindingMode="ONE_WAY" />
            <Binding target="visitRate" type="Text" binding="ProcessContext::CardReportingVisitRate_Rate" bindingMode="ONE_WAY" />
            <Binding target="selectedDate" type="Text" binding="ProcessContext::SelectedDate" bindingMode="ONE_WAY" />
            <Binding target="currentDate" type="Text" binding="ProcessContext::CurrentDate" bindingMode="ONE_WAY" />
            <List target="salesData" dataSource="ProcessContext::CardReportingSales_SalesData.Items[]">
              <Binding target="pKey" type="Text" binding=".pKey" />
              <Binding target="netSales" type="Text" binding=".netSales" />
              <Binding target="year " type="Text" binding=".year" />
              <Binding target="month" type="Text" binding=".month" />
            </List>
          </Bindings>
        </UIPluginV2>
      </Area>
    </Section>
  </Page>
</UIDescription>